{
  "drive": {
    "p": 1,
    "i": 0,
    "d": 0,
    "f": 0,
    "iz": 0
  },
  "angle": {
    "p": 0.0138888888888,
    "i": 0,
    "d": 0.005,
    "f": 0,
    "iz": 0.00083333333
  }
}